nome=ujhsafjkhwa;email=lkjdwakjldw@gmail;CpfCnpj=;telefone=32132131;dataEhora=21/12/2223 21:32:00;
nome=lucas;email=lucas@gmail.com;CpfCnpj=;telefone=321321321;dataEhora=23/03/2322 23:00:00;
nome=lucas;email=lucas@gmail.com;CpfCnpj=;telefone=321321;dataEhora=31/12/3321 21:00:00;
nome=lucas;email=lucas@gmail.com;CpfCnpj=;telefone=321321;dataEhora=31/12/3321 21:00:00;
nome=lucas;email=lucas@gmail.com;CpfCnpj=;telefone=321321;dataEhora=31/12/3321 21:00:00;
nome=lucas;email=lucas@gmail.com;CpfCnpj=;telefone=321321;dataEhora=31/12/3321 21:00:00;
nome=lucas;email=lucas@gmail.com;CpfCnpj=;telefone=321321;dataEhora=31/12/3321 21:00:00;
nome=lucas;email=lucas@gmail.com;CpfCnpj=;telefone=321321;dataEhora=31/12/3321 21:00:00;
nome=lucas;email=lucas@gmail.com;CpfCnpj=;telefone=321321;dataEhora=31/12/3321 21:00:00;
nome=lucas;email=lucas@gmail.com;CpfCnpj=;telefone=32132131;dataEhora=12/02/2122 21:21:00;
nome=lucas;email=lucas@gmail.com;CpfCnpj=;telefone=321321321;dataEhora=12/03/2222 22:00:00;
